{"cameraMode":{"drawMode":0,"name":"Shaded","section":"Shading Mode"},"sceneLighting":true,"audioPlay":false,"sceneViewState":{"showFog":false,"showMaterialUpdate":false,"showSkybox":false,"showFlares":false,"showImageEffects":false,"showParticleSystems":false},"in2DMode":false,"pivot":{"x":-4.615156650543213,"y":3.52850604057312,"z":-0.2950095534324646},"rotation":{"x":0.06083599105477333,"y":-0.8257442116737366,"z":0.09078219532966614,"w":0.5533578395843506},"size":0.34336575865745547,"orthographic":false}