{"cameraMode":{"drawMode":0,"name":"Shaded","section":"Shading Mode"},"sceneLighting":false,"audioPlay":false,"sceneViewState":{"showFog":false,"showMaterialUpdate":false,"showSkybox":false,"showFlares":false,"showImageEffects":false,"showParticleSystems":false},"in2DMode":false,"pivot":{"x":0.06319442391395569,"y":0.1300329566001892,"z":1.8160440921783448},"rotation":{"x":0.013558454811573029,"y":-0.7185423374176025,"z":0.014012942090630532,"w":0.6952136754989624},"size":0.34336569905281069,"orthographic":false}